[{"id":1,"title":"Lumin rebates","slug":"lumin-rebates","is_enabled":1,"content_group":null,"main_menu":[{"list":[{"content_group":"menu_link","menu_link_name":"Grid Services","menu_link_link|link":"#"},{"content_group":"menu_dropdown","menu_dropdown_title":"Products","list":[{"menu_dropdown_name":"Link 1","menu_dropdown_link|link":"#"},{"menu_dropdown_name":"Link 1","menu_dropdown_link_|_link":"#"},{"menu_dropdown_name":"Link 1","menu_dropdown_link_|_link":"#"},{"menu_dropdown_name":"Link 1","menu_dropdown_link_|_link":"#"}]}]}],"blocks":[{"content_group":"rebates_main","rebates_main_image":"\/lumin-rebates\/645de8035d697295b18e0468_fon-rebates.jpg","rebates_main_title":"Smart Circuits, Smart Energy, Smart Business","rebates_main_subtitle|raw":"Lumin enables a smarter whole house backup system that is aligned with customer expectations = easier sales = happier customers.","rebates_main_text_btn":"Learn more","rebates_main_link_btn":"#"},{"content_group":"rebates_map","rebates_map_title":"Map of all Lumin\u00a0Smart\u00a0Panels","rebates_map_utility":"Utility Rebates","rebates_map_state":"State Rebates","rebates_map_image_state":"\/lumin-rebates\/645da6e1760958bae8f1e68f_state.svg","rebates_map_image_marker":"\/lumin-rebates\/644173831f1ce85152b118f5_Markers.svg","rebates_map_image_map":"\/lumin-rebates\/6441596d093d4633f0699d22_map.svg"},{"content_group":"rebates_products","rebates_products_title":"Our products"},{"content_group":"questions","question_title":"Questions? <br>We\u2019ve got answers","question_subtitle|raw":"Here you can find answers to the most common questions about Lumin and our products. Where did the company name come from? What professional certificates does the system have, and much more.","question_link_btn":"#","question_lists":[{"title_list":"What is the Lumin Edge?","text_list|raw":"Lumin Edge is initially targeted for demand response applications, but will also be available for solar + storage additional audiences later this year."}]},{"content_group":"have_questions","have_questions_title":"Have questions?","have_questions_subtitle":"We have answers. Our specialists are ready to\u00a0talk.","have_questions_text_btn":"Let\u2019s talk"}],"product_list":[{"footer_text_link":"Lumin Edge","footer_link|link":"#"}],"company_list":[{"footer_text_link":"Lumin Edge","footer_link|link":"#"}]}]