[{"id":1,"title":"Lumin Learning Center","slug":"lumin-learning-center","is_enabled":1,"content_group":null,"main_menu":[{"list":[{"content_group":"menu_link","menu_link_name":"Grid Services","menu_link_link|link":"#"},{"content_group":"menu_dropdown","menu_dropdown_title":"Products","list":[{"menu_dropdown_name":"Link 1","menu_dropdown_link|link":"#"},{"menu_dropdown_name":"Link 1","menu_dropdown_link_|_link":"#"},{"menu_dropdown_name":"Link 1","menu_dropdown_link_|_link":"#"},{"menu_dropdown_name":"Link 1","menu_dropdown_link_|_link":"#"}]}]}],"blocks":{"0":{"content_group":"learning_center_main","learning_center_main_image":"\/lumin-learning-center\/645e16d3085e10b2bbdfe2c9_lumin-learning-center.jpg","learning_center_main_title":"Learning Center","learning_center_main_subtitle":"Technical Support:","learning_center_main_text_btn":"Contact support","learning_center_main_link_btn":"#"},"1":{"content_group":"learning_center_tip","learning_center_tip_title":"Quick tips.","learning_center_tip_subtitle":"Lumin brings flexibility to energy storage systems, allowing homeowners to easily reconfigure back-up plans. Find out more with these quick tips for getting the most of Lumin\u2019s powerful platform."},"2":{"content_group":"learning_center_freshdesk","learning_center_freshdesk_title":"Freshdesk"},"4":{"content_group":"learning_center_community","learning_center_community_title":"Join our community","learning_center_community_subtitle":"Recent discussions"},"5":{"content_group":"have_questions","have_questions_title":"Have questions?","have_questions_subtitle":"We have answers. Our specialists are ready to\u00a0talk.","have_questions_text_btn":"Let\u2019s talk"}},"product_list":[{"footer_text_link":"Lumin Edge","footer_link|link":"#"}],"company_list":[{"footer_text_link":"Lumin Edge","footer_link|link":"#"}]}]