[{"id":1,"title":"Lumin Demand Response","slug":"lumin-demand-response","is_enabled":1,"content_group":null,"main_menu":[{"list":[{"content_group":"menu_link","menu_link_name":"Grid Services","menu_link_link|link":"#"},{"content_group":"menu_dropdown","menu_dropdown_title":"Products","list":[{"menu_dropdown_name":"Link 1","menu_dropdown_link|link":"#"},{"menu_dropdown_name":"Link 1","menu_dropdown_link_|_link":"#"},{"menu_dropdown_name":"Link 1","menu_dropdown_link_|_link":"#"},{"menu_dropdown_name":"Link 1","menu_dropdown_link_|_link":"#"}]}]}],"blocks":[{"content_group":"demand_response_main","demand_response_main_image":"\/lumin-demand-response\/644294133066893846b2a17f_Demand-Response-img.jpg","demand_response_main_title|raw":"Lumin Response <br>\u200d<span class=\"b-title__span\">get paid to help the grid<\/span>","demand_response_main_subtitle|raw":"Lumin improves the residential demand response experience by giving customers direct insight into their demand response program.","demand_response_main_text_btn":"Learn more","demand_response_main_link_btn":"#","demand_response_main_link":"#","demand_response_main_text_video":"Watch full video"},{"content_group":"demand_response_works","demand_response_works_title":"How it works with Lumin Edge","demand_response_works_title_lists":"Home with Lumin Edge modules","demand_response_works_lists":[{"number":"01","text":"To improve comfort, Lumin gives customers preferences"}],"demand_response_main_image":"\/lumin-demand-response\/6514208f5c7d32b3e44f390c_64df758454b968a39c283074_home-lsp20(1).png","how_it_works_modal":[{"image":"\/lumin-demand-response\/64df7a74959ef02d70fc0519_Add20Device20Screens20Cascade201.png","text_list":"To improve comfort, Lumin gives customers preferences about which circuits they want to\u00a0participate with"},{"image":"\/lumin-demand-response\/64df7a74959ef02d70fc0519_Add20Device20Screens20Cascade201.png","text_list":"To improve comfort, Lumin gives customers preferences about which circuits they want to\u00a0participate with"},{"image":"\/lumin-demand-response\/64df7a74959ef02d70fc0519_Add20Device20Screens20Cascade201.png","text_list":"To improve comfort, Lumin gives customers preferences about which circuits they want to\u00a0participate with"}]},{"content_group":"demand_response_integrates","demand_response_integrates_text":"Lumin integrates with SolarEdge and Enphase to extend the life of energy storage systems during outages and normal use.","demand_response_integrates_image":"\/lumin-demand-response\/6442998f152a4002d5375e65_Mask20group20(2).png"},{"content_group":"demand_response_map","demand_response_map_title":"Lumin Response Availability Map","demand_response_map_image_marker":"\/lumin-demand-response\/644bd7f7b29f272de5eb5958_grid-s.svg","demand_response_map_die":"Grid Services","demand_response_map_image_map":"\/lumin-demand-response\/6441596d093d4633f0699d22_map.svg","demand_response_map_text":"We have answers. Our specialists are ready to talk.","demand_response_map_text_btn":"Let\u2019s talk","demand_response_map_link_btn":"#"},{"content_group":"estimator","estimator_title":"Lumin Edge Estimator","estimator_subtitle":"Use our tool to determine how many Lumin Edge modules you need for demand response,\u00a0electrification, solar + storage, and any other use case"},{"content_group":"feedbacks","feedbacks_title":"Installer Feedbacks","feedbacks_subtitle":"Lumin provides the most versatile platform to generate value from energy assets at the grid edge.","feedbacks_rep":[{"list":[{"content_group":"feedbacks_video","image":"\/lumin-demand-response\/644288759098ca04658bcf7a_D092D0B8D0B4D0B5D0BE.jpg","link":"#","name":"Frank Jordan","video_rewiev":"Video-rewiev"},{"content_group":"feedbacks_text","avatar":"\/lumin-demand-response\/64428fba490d7637487332b0_D090D0B2D0B0.jpg","name":"Johny Addams","text":"Lumin Edge is awesome product! Very user friendly app that\u2019s easy to use anywhere."},{"content_group":"feedbacks_text_link","avatar":"\/lumin-demand-response\/64428fba490d7637487332b0_D090D0B2D0B0.jpg","name":"Johny Addams","text":"Lumin Edge is awesome product! Very user friendly app that\u2019s easy to use anywhere.","link":"#"}]},{"list":[{"content_group":"feedbacks_video","image":"\/lumin-demand-response\/644288759098ca04658bcf7a_D092D0B8D0B4D0B5D0BE.jpg","link":"#","name":"Frank Jordan","video_rewiev":"Video-rewiev"},{"content_group":"feedbacks_text","avatar":"\/lumin-demand-response\/64428fba490d7637487332b0_D090D0B2D0B0.jpg","name":"Johny Addams","text":"Lumin Edge is awesome product! Very user friendly app that\u2019s easy to use anywhere."}]},{"list":[{"content_group":"feedbacks_video","image":"\/lumin-demand-response\/644288759098ca04658bcf7a_D092D0B8D0B4D0B5D0BE.jpg","link":"#","name":"Frank Jordan","video_rewiev":"Video-rewiev"},{"content_group":"feedbacks_text","avatar":"\/lumin-demand-response\/64428fba490d7637487332b0_D090D0B2D0B0.jpg","name":"Johny Addams","text":"Lumin Edge is awesome product! Very user friendly app that\u2019s easy to use anywhere."}]},{"list":[{"content_group":"feedbacks_video","image":"\/lumin-demand-response\/644288759098ca04658bcf7a_D092D0B8D0B4D0B5D0BE.jpg","link":"#","name":"Frank Jordan","video_rewiev":"Video-rewiev"},{"content_group":"feedbacks_text","avatar":"\/lumin-demand-response\/64428fba490d7637487332b0_D090D0B2D0B0.jpg","name":"Johny Addams","text":"Lumin Edge is awesome product! Very user friendly app that\u2019s easy to use anywhere."}]},{"list":[{"content_group":"feedbacks_video","image":"\/lumin-demand-response\/644288759098ca04658bcf7a_D092D0B8D0B4D0B5D0BE.jpg","link":"#","name":"Frank Jordan","video_rewiev":"Video-rewiev"},{"content_group":"feedbacks_text","avatar":"\/lumin-demand-response\/64428fba490d7637487332b0_D090D0B2D0B0.jpg","name":"Johny Addams","text":"Lumin Edge is awesome product! Very user friendly app that\u2019s easy to use anywhere."}]},{"list":[{"content_group":"feedbacks_video","image":"\/lumin-demand-response\/644288759098ca04658bcf7a_D092D0B8D0B4D0B5D0BE.jpg","link":"#","name":"Frank Jordan","video_rewiev":"Video-rewiev"},{"content_group":"feedbacks_text","avatar":"\/lumin-demand-response\/64428fba490d7637487332b0_D090D0B2D0B0.jpg","name":"Johny Addams","text":"Lumin Edge is awesome product! Very user friendly app that\u2019s easy to use anywhere."}]}]},{"content_group":"demand_response_partners","demand_response_partners_title":"Our partners","demand_response_partners_lists":[{"image":"\/lumin-demand-response\/644b78f1c2c6b143b1b71a50_logos20Color.png"}]},{"content_group":"questions","question_title":"Questions? <br>We\u2019ve got answers","question_subtitle|raw":"Here you can find answers to the most common questions about Lumin and our products. Where did the company name come from? What professional certificates does the system have, and much more.","question_link_btn":"#","question_lists":[{"title_list":"What is the Lumin Edge?","text_list|raw":"Lumin Edge is initially targeted for demand response applications, but will also be available for solar + storage additional audiences later this year."}]},{"content_group":"have_questions","have_questions_title":"Have questions?","have_questions_subtitle":"We have answers. Our specialists are ready to\u00a0talk.","have_questions_text_btn":"Let\u2019s talk"},{"content_group":"learn_mores","learn_more_title":"Learn more about Lumin Edgeor contact sales","learn_more_slider":[{"image":"\/lumin-demand-response\/644b937dd4627d680ade4824_1.png"}],"learn_more_characteristics":[{"characteristics_name":"Connection Options:","characteristics_text":"Surface-Mount; Outdoor"}],"learn_more_recomend":[{"icon":"\/lumin-demand-response\/644ba37db44a8c8abbfc5bd2_icon-b20(4).svg","text":"Warranty 1 year"}],"text_btn_blue":"Buy now","learn_more_link_btn":"#"},{"content_group":"modal_utilities","modal_utilities_title":"Utilities partnership"},{"content_group":"document_img","document_img_title|raw":"Home as a grid","document_img_subtitle|raw":"Click the button down below to download the document with all stuff you need to know about lumin smart","document_img_text_btn":"Download","document_img_image":"\/lumin-demand-response\/64f5460e71f821346839eb87_106.png","document_img_image_fon":"\/lumin-demand-response\/64f549516661d82615736d72_fon-yellow.png"},{"content_group":"document","document_title|raw":"Home as a grid","document_subtitle|raw":"Click the button down below to download the document with all stuff you need to know about lumin smart","document_text_btn":"Download","document_img_fon":"\/lumin-demand-response\/64f4a6c3055ab00edf257137_solar-bg-white-paper201.png"},{"content_group":"modal_installer","modal_installer_title":"Become certified installer","modal_installer_subtitle":"Learn more about our industry and our products\u00a0with articles from news outlets, thought\u00a0leadership from our experts, and other\u00a0resources by Lumin"}],"product_list":[{"footer_text_link":"Lumin Edge","footer_link|link":"#"}],"company_list":[{"footer_text_link":"Lumin Edge","footer_link|link":"#"}]}]