[{"id":1,"title":"Lumin LSP","slug":"lumin-lsp","is_enabled":1,"content_group":null,"main_menu":[{"list":[{"content_group":"menu_link","menu_link_name":"Grid Services","menu_link_link|link":"#"},{"content_group":"menu_dropdown","menu_dropdown_title":"Products","list":[{"menu_dropdown_name":"Link 1","menu_dropdown_link|link":"#"},{"menu_dropdown_name":"Link 1","menu_dropdown_link_|_link":"#"},{"menu_dropdown_name":"Link 1","menu_dropdown_link_|_link":"#"},{"menu_dropdown_name":"Link 1","menu_dropdown_link_|_link":"#"}]}]}],"blocks":[{"content_group":"modal_sales","modal_sales_title":"Utilities partnership","modal_sales_subtitle":"Learn more about our industry and our products\u00a0with articles from news outlets, thought\u00a0leadership from our experts, and other\u00a0resources by Lumin"},{"content_group":"lsp_home","lsp_home_title":"Smart electrical\u00a0panel","lsp_home_subtitle":"Control your energy.","lsp_home_image":"\/lumin-lsp\/64394b33403e8e1f5ed2c246_Lumin_Antenna.png","text_btn":"Buy now","lsp_home_link":"#","lsp_home_text_btn_video":"How it works"},{"content_group":"edge_home","edge_home_title":"Lumin Edge.","edge_home_subtitle":"Control your energy. It\u2019s\u00a0simple.","text_btn":"Buy now","edge_home_link":"#","edge_home_text_btn_video":"How it works","edge_home_image":"\/lumin-lsp\/643026e5a2fc9fc3260bd34c_lumin-first.png"},{"content_group":"lsp_new_device","lsp_new_device_rep":[{"image":"\/lumin-lsp\/6438e322baa9166b6055ac48_Add-Device.png","title":"Connect to Anything","list":[{"content_group":"lsp_new_device_title","title":"Connect to Anything"},{"content_group":"lsp_new_device_list","title":"Connect to Anything","lists":[{"text_list":"Connect Lumin Modules in your home"}]}]}],"lsp_new_device_mob_rep":[{"title":"Home as a grid","image":"\/lumin-lsp\/6438e322baa9166b6055ac48_Add-Device.png","lists":[{"text_list":"Connect Lumin Modules in your home"}]}]},{"content_group":"lsp_integrates","lsp_integrates_text":"Lumin integrates with SolarEdge and Enphase to extend the life of energy storage systems during outages and normal use.","lsp_integrates_image":"\/lumin-lsp\/6439613da014a319d20e55c6_yellow_fon.png"},{"content_group":"lsp_map","lsp_map_title":"Lumin Smart Panel Installations","lsp_map_image_mushroom":"\/lumin-lsp\/64417384786aaa55af9dc3bc_city.svg","lsp_map_image_marker":"\/lumin-lsp\/644173831f1ce85152b118f5_Markers.svg","lsp_map_image_map":"\/lumin-lsp\/6441596d093d4633f0699d22_map.svg"},{"content_group":"control_what_matters","image":"\/lumin-lsp\/64673b10f22d451baaf87cd9_lumin-meet.jpg","title":"Meet Lumin.","text|raw":"Lumin\u00ae is the pioneer and market leader for responsive load control. The Lumin\u00ae platform is an addition to a standard electrical panel and makes ordinary circuits smart and responsive. Lumin\u00ae helps homeowners automatically or manually control their home\u2019s microgrid to enhance and protect their investment in energy storage, participate in Demand Response Programs, or manage their energy in real-time to avoid costly service upgrades when adding Electric Vehicle chargers or switching to electric appliances. The Lumin\u00ae solution is valued by homeowners, solar + storage installers, utilities, electrical contractors and home builders.","title_list":"Connect to Anything","lists":[{"text_list":"Connect Lumin Modules in your home"}]},{"content_group":"the_lumin_difference","image":"\/lumin-lsp\/64673b10f22d451baaf87cd9_lumin-meet.jpg","title":"Meet Lumin.","lists":[{"text_list":"Connect Lumin Modules in your home"}]},{"content_group":"lsp_installer","lsp_installer_image":"\/lumin-lsp\/64417a414fb51529614ea92f_installler.jpg","lsp_installer_title":"Looking for an installer?","lsp_installer_text":"Want to see another state?","lsp_installer_text_btn":"Request a call"},{"content_group":"lsp_landscape","lsp_landscape_title":"Competetive Landscape.","lsp_landscape_subtitle":"Lumin provides the most versatile platform to generate value from energy assets at the grid edge.","lsp_landscape_rep":[{"row|raw":"<div id=\"w-node-cfeed777-fa13-237c-b423-eaed3a489d31-7b12a40f\" class=\"b-table__td b-table__td_align_left\"><\/div><div id=\"w-node-a62caa8e-3eab-593d-1960-5ed2157c3f1b-7b12a40f\" class=\"b-table__td b-table__td_black b-table__td_br-rad_10\"><img src=\"%7B%7B%20'assets\/images\/logo.svg'%7Ctheme%20%7D%7D\" loading=\"lazy\" alt=\"\"><\/div><div id=\"w-node-_10f2da7a-99cf-bcee-0faa-c171e3eb4251-7b12a40f\" class=\"b-table__td\"><div class=\"b-text\">Home energy monitors<\/div><\/div><div id=\"w-node-_600fd6c4-4b69-7e8c-0ed4-5a8455fbfc50-7b12a40f\" class=\"b-table__td\"><div class=\"b-text\">Smart devices<\/div><\/div><div id=\"w-node-_8c2faa11-4a9d-73ba-cb45-b9d7724a4f69-7b12a40f\" class=\"b-table__td\"><div class=\"b-text\">Building Intelligence Systems<\/div><\/div><div id=\"w-node-_5eb8a651-8b3e-62e0-0bbf-78863cb39937-7b12a40f\" class=\"b-table__td\"><div class=\"b-text\">Smart Circuit Dreakers & Panels<\/div><\/div>"}]},{"content_group":"project","project_title":"Project profiles","slider":[{"image":"\/lumin-lsp\/6441f02a366fc95c50320d36_D0A4D0BED182D0BE.jpg","title_list":"Bolstering Resilience in Rural Virginia","list":[{"icon":"\/lumin-lsp\/64425b16874427784b81fb03_card20(3).svg","text_list":"Silfab SLA-M 310 solar panels"}],"geo":"Homeowner, Stephen <br>K.San-Francisco, CA"}]},{"content_group":"feedbacks","feedbacks_title":"Installer Feedbacks","feedbacks_subtitle":"Lumin provides the most versatile platform to generate value from energy assets at the grid edge.","feedbacks_rep":[{"list":[{"content_group":"feedbacks_video","image":"\/lumin-lsp\/644288759098ca04658bcf7a_D092D0B8D0B4D0B5D0BE.jpg","link":"#","name":"Frank Jordan","video_rewiev":"Video-rewiev"},{"content_group":"feedbacks_text","avatar":"\/lumin-lsp\/64428fba490d7637487332b0_D090D0B2D0B0.jpg","name":"Johny Addams","text":"Lumin Edge is awesome product! Very user friendly app that\u2019s easy to use anywhere."},{"content_group":"feedbacks_text_link","avatar":"\/lumin-lsp\/64428fba490d7637487332b0_D090D0B2D0B0.jpg","name":"Johny Addams","text":"Lumin Edge is awesome product! Very user friendly app that\u2019s easy to use anywhere.","link":"#"}]},{"list":[{"content_group":"feedbacks_video","image":"\/lumin-lsp\/644288759098ca04658bcf7a_D092D0B8D0B4D0B5D0BE.jpg","link":"#","name":"Frank Jordan","video_rewiev":"Video-rewiev"},{"content_group":"feedbacks_text","avatar":"\/lumin-lsp\/64428fba490d7637487332b0_D090D0B2D0B0.jpg","name":"Johny Addams","text":"Lumin Edge is awesome product! Very user friendly app that\u2019s easy to use anywhere."}]},{"list":[{"content_group":"feedbacks_video","image":"\/lumin-lsp\/644288759098ca04658bcf7a_D092D0B8D0B4D0B5D0BE.jpg","link":"#","name":"Frank Jordan","video_rewiev":"Video-rewiev"},{"content_group":"feedbacks_text","avatar":"\/lumin-lsp\/64428fba490d7637487332b0_D090D0B2D0B0.jpg","name":"Johny Addams","text":"Lumin Edge is awesome product! Very user friendly app that\u2019s easy to use anywhere."}]},{"list":[{"content_group":"feedbacks_video","image":"\/lumin-lsp\/644288759098ca04658bcf7a_D092D0B8D0B4D0B5D0BE.jpg","link":"#","name":"Frank Jordan","video_rewiev":"Video-rewiev"},{"content_group":"feedbacks_text","avatar":"\/lumin-lsp\/64428fba490d7637487332b0_D090D0B2D0B0.jpg","name":"Johny Addams","text":"Lumin Edge is awesome product! Very user friendly app that\u2019s easy to use anywhere."}]},{"list":[{"content_group":"feedbacks_video","image":"\/lumin-lsp\/644288759098ca04658bcf7a_D092D0B8D0B4D0B5D0BE.jpg","link":"#","name":"Frank Jordan","video_rewiev":"Video-rewiev"},{"content_group":"feedbacks_text","avatar":"\/lumin-lsp\/64428fba490d7637487332b0_D090D0B2D0B0.jpg","name":"Johny Addams","text":"Lumin Edge is awesome product! Very user friendly app that\u2019s easy to use anywhere."}]},{"list":[{"content_group":"feedbacks_video","image":"\/lumin-lsp\/644288759098ca04658bcf7a_D092D0B8D0B4D0B5D0BE.jpg","link":"#","name":"Frank Jordan","video_rewiev":"Video-rewiev"},{"content_group":"feedbacks_text","avatar":"\/lumin-lsp\/64428fba490d7637487332b0_D090D0B2D0B0.jpg","name":"Johny Addams","text":"Lumin Edge is awesome product! Very user friendly app that\u2019s easy to use anywhere."}]}]},{"content_group":"technical_spec","technical_spec_title":"Technical Specifications","technical_spec_tab":[{"tab_name":"Grid Services","image_before":"\/lumin-lsp\/Rectangle202675820(1).jpg","image_after":"\/lumin-lsp\/Rectangle2026757.jpg","characteristics":[{"characteristics_title":"Installation","list":[{"characteristics_name":"Type","characteristics_text":"Surface-Mount; Outdoor"}]}],"text_documents":"Full Tech Specs","documents_file|media":"#"}]},{"content_group":"estimator","estimator_title":"Lumin Edge Estimator","estimator_subtitle":"Use our tool to determine how many Lumin Edge modules you need for demand response,\u00a0electrification, solar + storage, and any other use case"},{"content_group":"questions","question_title":"Questions? <br>We\u2019ve got answers","question_subtitle|raw":"Here you can find answers to the most common questions about Lumin and our products. Where did the company name come from? What professional certificates does the system have, and much more.","question_link_btn":"#","question_lists":[{"title_list":"What is the Lumin Edge?","text_list|raw":"Lumin Edge is initially targeted for demand response applications, but will also be available for solar + storage additional audiences later this year."}]},{"content_group":"have_questions","have_questions_title":"Have questions?","have_questions_subtitle":"We have answers. Our specialists are ready to\u00a0talk.","have_questions_text_btn":"Let\u2019s talk"},{"content_group":"documents","documents_title":"Home as a grid","documents_subtitle|raw":"Click any button to download the document","documents_rep":[{"documents_text_btn":"Full Tech Specs","documents_file|media":"#"}]},{"content_group":"icons","icon_rep":[{"icon":"\/lumin-lsp\/6539071dcd3d30a6121bdf61_Frame.svg","text|raw":"Indoor & \u2028<br>Outdoor rated"}]},{"content_group":"icons_info","title":"Have questions?","icon_rep":[{"icon":"\/lumin-lsp\/6539071dcd3d30a6121bdf61_Frame.svg","text_info":"This is some text inside of a div block.This is some text inside of a div block.This is some text inside of a div block.","text|raw":"Indoor & \u2028<br>Outdoor rated"}]},{"content_group":"connect_to_anything","title":"Connect to Anything","columns":[{"image":"\/lumin-lsp\/653923e2fc1c7b8a1846037e_Device20Lumin20Edge201.png","title_list":"Connect to Anything","lists":[{"text_list":"The central brain \u2013 serves as the system gateway"}]}]},{"content_group":"edge_grid_static","edge_grid_title":"Home as a grid","edge_grid_subtitle":"smart energy system.","edge_grid_rep":[{"image":"\/lumin-lsp\/6438f3bd60938d1407e7a792_bard_battery.png","title":"Improved Resiliency","lumin_edge_grid_list":[{"text":"Enroll electric appliances to participate in demand response"}]}]}],"product_list":[{"footer_text_link":"Lumin Edge","footer_link|link":"#"}],"company_list":[{"footer_text_link":"Lumin Edge","footer_link|link":"#"}],"modal_looking_title":"Looking \u2028for\u00a0an\u00a0installer","modal_looking_subtitle":"Learn more about our industry and our products\u00a0with articles from news outlets, thought\u00a0leadership from our experts, and other\u00a0resources by Lumin","modal_utilities_title":"Utilities partnership"}]