[{"id":1,"title":"{{ this.page.meta_title }}","slug":"index","is_enabled":1,"content_group":null,"main_menu":[{"list":[{"content_group":"menu_link","menu_link_name":"Grid Services","menu_link_link|link":"#"},{"content_group":"menu_dropdown","menu_dropdown_title":"Products","list":[{"menu_dropdown_name":"Link 1","menu_dropdown_link|link":"#"},{"menu_dropdown_name":"Link 1","menu_dropdown_link_|_link":"#"},{"menu_dropdown_name":"Link 1","menu_dropdown_link_|_link":"#"},{"menu_dropdown_name":"Link 1","menu_dropdown_link_|_link":"#"}]}]}],"blocks":{"0":{"content_group":"lumin_home","lumin_home_title":"Lumin Edge.<br>","lumin_home_subtitle_one":"Affordably priced.","lumin_home_subtitle_two":"Easy to install.","lumin_home_subtitle_three":"Control your energy.<br>It's simple","lumin_home_subtitle_modal":"Affordably priced."},"3":{"content_group":"lumin_one_edge","lumin_one_edge_title|raw":"<span class=\"b-title__span\">One Edge<\/span> \u2014multiple solutions","lumin_one_edge_lists":[{"icon":"\/index\/6425ed7b8f365fef531f2f4a_Demand20Responce20ICO.svg","text":"Unlock and extend whole-home backup<br>"}]},"4":{"content_group":"lumin_help","lumin_help_subtitle":"Grid Services","lumin_help_title|raw":"Get paid to\u00a0help the grid test","link":"#","lumin_help_text_btn|raw":"See how it works and what makes<br>it all possible","lumin_help_image":"\/index\/64272a28180dbb0db3f2e39c_servis1.svg"},"5":{"content_group":"lumin_backup","lumin_backup_image":"\/index\/64bd55a5a7cb1c7fd4b454d8_Battery20(1).svg","lumin_backup_subtitle":"Solar + Storage","lumin_backup_title":"Whole home backup for half the price","link":"#","lumin_backup_text_btn|raw":"See how it works and what makes it all possible"},"6":{"content_group":"lumin_charging","lumin_charging_image":"\/index\/6425fd7c1762209a6810be1f_Electricity.svg","lumin_charging_subtitle":"EV Charging","lumin_charging_title|raw":"Avoid costly <br>panel upgrades","link":"#","lumin_charging_text_btn|raw":"See how it works and what makes it all possible"},"7":{"content_group":"video_galery","video_galery_rep":[{"image":"\/index\/642cb23faa8959a9193efba8_Video.jpg","link":"#","title_block":"lumin smart power mode explained"}]},"8":{"content_group":"lumin_updates","updates_title|raw":"Get Lumin <span class=\"b-title__span b-title__span_gray\">updates<\/span>","updates_subtitle|raw":"Learn more about our industry and our products with articles from news outlets, thought leadership from our experts, and other resources by Lumin"},"9":{"content_group":"demand_response_works","demand_response_works_title":"How it works with Lumin Edge","demand_response_works_title_lists":"Home with Lumin Edge modules","demand_response_works_lists":[{"number":"01","text":"To improve comfort, Lumin gives customers preferences"}],"demand_response_main_image":"\/index\/6514208f5c7d32b3e44f390c_64df758454b968a39c283074_home-lsp20(1).png","how_it_works_modal":[{"image":"\/index\/64df7a74959ef02d70fc0519_Add20Device20Screens20Cascade201.png","text_list":"To improve comfort, Lumin gives customers preferences about which circuits they want to\u00a0participate with"},{"image":"\/index\/64df7a74959ef02d70fc0519_Add20Device20Screens20Cascade201.png","text_list":"To improve comfort, Lumin gives customers preferences about which circuits they want to\u00a0participate with"},{"image":"\/index\/64df7a74959ef02d70fc0519_Add20Device20Screens20Cascade201.png","text_list":"To improve comfort, Lumin gives customers preferences about which circuits they want to\u00a0participate with"}]}},"link_app_ios":"#","image_app_ios":"\/index\/642e8410091a22979eebeb67_app20store.png","link_app_google":"#","image_app_google":"\/index\/642e8410ff16c80d7197b7e0_google-play.png","link_in":"#","link_facebook":"#","link_youtube":"#","link_instagram":"#","link_twitter_x":"#","product_list":[{"footer_text_link":"Lumin Edge","footer_link|link":"#"}],"company_list":[{"footer_text_link":"Lumin Edge","footer_link|link":"#"}],"adress":"501 Locust Ave, Floor 1, Suite 2 Charlottesville, Virginia 22902","mail_text":"hello@luminsmart.com","mail":"mailto:hello@luminsmart.com","technical_support":"888.421.0616","technical_support_link":"#","sales_and_business":"800.793.8013","sales_and_business_link":"#","copyright":"\u00a9 2023 Lumin. All Rights Reserved","terms_of_use_text":"Terms of Use","terms_of_use_link":"#","privacy_policy":"Privacy Policy","privacy_policy_link":"#"}]