[{"id":1,"title":"Lumin Contact Us","slug":"lumin-contact-us","is_enabled":1,"content_group":null,"main_menu":[{"list":[{"content_group":"menu_link","menu_link_name":"Grid Services","menu_link_link_|_link":"#"},{"content_group":"menu_dropdown","menu_dropdown_title":"Products","list":[{"menu_dropdown_name":"Link 1","menu_dropdown_link_|_link":"#"},{"menu_dropdown_name":"Link 1","menu_dropdown_link_|_link":"#"},{"menu_dropdown_name":"Link 1","menu_dropdown_link_|_link":"#"},{"menu_dropdown_name":"Link 1","menu_dropdown_link_|_link":"#"}]}]}],"blocks":[{"content_group":"contact_us_contacts","contact_us_contacts_title":"Get in Touch.","contact_us_contacts_subtitle":"Get our all info and also can message us directly from here","contact_us_contacts_image":"\/lumin-contact-us\/64708c38deace073b856d257_Group202743820(3).png"},{"content_group":"contact_us_form","contact_us_form_image":"\/lumin-contact-us\/64708ee2a61024d9b3138cc6_iPhones.png","contact_us_form_title":"Send us a Message"}]}]