[{"id":1,"title":"Lumin Learning Center","slug":"lumin-learning-center","is_enabled":1,"content_group":null,"main_menu":[{"list":[{"content_group":"menu_link","menu_link_name":"Grid Services","menu_link_link_|_link":"#"},{"content_group":"menu_dropdown","menu_dropdown_title":"Products","list":[{"menu_dropdown_name":"Link 1","menu_dropdown_link_|_link":"#"},{"menu_dropdown_name":"Link 1","menu_dropdown_link_|_link":"#"},{"menu_dropdown_name":"Link 1","menu_dropdown_link_|_link":"#"},{"menu_dropdown_name":"Link 1","menu_dropdown_link_|_link":"#"}]}]}],"blocks":[{"content_group":"learning_center_main","learning_center_main_image":"\/lumin-learning-center\/645e16d3085e10b2bbdfe2c9_lumin-learning-center.jpg","learning_center_main_title":"Learning Center","learning_center_main_subtitle":"Technical Support:","learning_center_main_text_btn":"Contact support","learning_center_main_link_btn":"#"},{"content_group":"learning_center_tip","learning_center_tip_title":"Quick tips.","learning_center_tip_subtitle":"Lumin brings flexibility to energy storage systems, allowing homeowners to easily reconfigure back-up plans. Find out more with these quick tips for getting the most of Lumin\u2019s powerful platform."},{"content_group":"learning_center_freshdesk","learning_center_freshdesk_title":"Freshdesk"},{"content_group":"questions","question_title":"Questions? <br>We\u2019ve got answers","question_subtitle|raw":"Here you can find answers to the most common questions about Lumin and our products. Where did the company name come from? What professional certificates does the system have, and much more.","question_link_btn":"#","question_lists":[{"title_list":"What is the Lumin Edge?","text_list|raw":"Lumin Edge is initially targeted for demand response applications, but will also be available for solar + storage additional audiences later this year."}]},{"content_group":"learning_center_community","learning_center_community_title":"Join our community","learning_center_community_subtitle":"Recent discussions"},{"content_group":"have_questions","have_questions_title":"Have questions?","have_questions_subtitle":"We have answers. Our specialists are ready to\u00a0talk.","have_questions_text_btn":"Let\u2019s talk"}]}]