[{"id":1,"title":"Lumin solar + edge","slug":"lumin-solar-edge","is_enabled":1,"content_group":null,"main_menu":[{"list":[{"content_group":"menu_link","menu_link_name":"Grid Services","menu_link_link|link":"#"},{"content_group":"menu_dropdown","menu_dropdown_title":"Products","list":[{"menu_dropdown_name":"Link 1","menu_dropdown_link|link":"#"},{"menu_dropdown_name":"Link 1","menu_dropdown_link_|_link":"#"},{"menu_dropdown_name":"Link 1","menu_dropdown_link_|_link":"#"},{"menu_dropdown_name":"Link 1","menu_dropdown_link_|_link":"#"}]}]}],"blocks":[{"content_group":"solar_edge_main","solar_edge_main_image":"\/lumin-solar-edge\/644294133066893846b2a17f_Demand-Response-img.jpg","solar_edge_main_title|raw":"Solar + Edge <br>and Lumin Edge","solar_edge_main_subtitle|raw":"Lumin improves the residential demand response experience by giving customers direct insight into their demand response program.","solar_edge_main_text_btn":"Learn more","solar_edge_main_link_btn":"#","solar_edge_main_link":"#","solar_edge_main_text_video":"Watch full video"},{"content_group":"solar_edge_works","solar_edge_works_title":"How it works with Lumin Edge","solar_edge_works_image":"\/lumin-solar-edge\/64df758454b968a39c283074_home-lsp.png","electrification_works_off":"\/lumin-solar-edge\/64df758454b968a39c283074_home-lsp.png"},{"content_group":"electrification_works","electrification_works_title":"How it works with Lumin Edge","electrification_works_title_lists|raw":"Home with Lumin Edge modules","ectrification_works_text|raw":"Lower prioritized loads will be turned off to stay within the power limit of your panel's service rating","electrification_works_image":"\/lumin-solar-edge\/6514208f5c7d32b3e44f390c_64df758454b968a39c283074_home-lsp20(1).png","how_it_works_modal":[{"image":"\/lumin-solar-edge\/64df7a74959ef02d70fc0519_Add20Device20Screens20Cascade201.png","text_list":"To improve comfort, Lumin gives customers preferences about which circuits they want to\u00a0participate with"},{"image":"\/lumin-solar-edge\/64df7a74959ef02d70fc0519_Add20Device20Screens20Cascade201.png","text_list":"To improve comfort, Lumin gives customers preferences about which circuits they want to\u00a0participate with"},{"image":"\/lumin-solar-edge\/64df7a74959ef02d70fc0519_Add20Device20Screens20Cascade201.png","text_list":"To improve comfort, Lumin gives customers preferences about which circuits they want to\u00a0participate with"}]},{"content_group":"solar_edge_integrates","solar_edge_integrates_text":"Lumin integrates with SolarEdge and Enphase to extend the life of energy storage systems during outages and normal use.","solar_edge_integrates_image":"\/lumin-solar-edge\/6442998f152a4002d5375e65_Mask20group20(2).png"},{"content_group":"solar_edge_map","solar_edge_map_title":"Installations map","solar_edge_map_subtitle":"We have in all 50 states.","solar_edge_map_die":"State Rebates","solar_edge_map_text|raw":"State Rebates","solar_edge_map_image_map":"\/lumin-solar-edge\/6441596d093d4633f0699d22_map.svg","solar_edge_map_image_state":"\/lumin-solar-edge\/644173831f1ce85152b118f5_Markers.svg","solar_edge_map_image_marker":"\/lumin-solar-edge\/64417384786aaa55af9dc3bc_city.svg","solar_edge_map_text_btn":"Let\u2019s talk","solar_edge_map_link_btn":"#"},{"content_group":"feedbacks","feedbacks_title":"Installer Feedbacks","feedbacks_subtitle":"Lumin provides the most versatile platform to generate value from energy assets at the grid edge.","feedbacks_rep":[{"list":[{"content_group":"feedbacks_video","image":"\/lumin-solar-edge\/644288759098ca04658bcf7a_D092D0B8D0B4D0B5D0BE.jpg","link":"#","name":"Frank Jordan","video_rewiev":"Video-rewiev"},{"content_group":"feedbacks_text","avatar":"\/lumin-solar-edge\/64428fba490d7637487332b0_D090D0B2D0B0.jpg","name":"Johny Addams","text":"Lumin Edge is awesome product! Very user friendly app that\u2019s easy to use anywhere."},{"content_group":"feedbacks_text_link","avatar":"\/lumin-solar-edge\/64428fba490d7637487332b0_D090D0B2D0B0.jpg","name":"Johny Addams","text":"Lumin Edge is awesome product! Very user friendly app that\u2019s easy to use anywhere.","link":"#"}]},{"list":[{"content_group":"feedbacks_video","image":"\/lumin-solar-edge\/644288759098ca04658bcf7a_D092D0B8D0B4D0B5D0BE.jpg","link":"#","name":"Frank Jordan","video_rewiev":"Video-rewiev"},{"content_group":"feedbacks_text","avatar":"\/lumin-solar-edge\/64428fba490d7637487332b0_D090D0B2D0B0.jpg","name":"Johny Addams","text":"Lumin Edge is awesome product! Very user friendly app that\u2019s easy to use anywhere."}]},{"list":[{"content_group":"feedbacks_video","image":"\/lumin-solar-edge\/644288759098ca04658bcf7a_D092D0B8D0B4D0B5D0BE.jpg","link":"#","name":"Frank Jordan","video_rewiev":"Video-rewiev"},{"content_group":"feedbacks_text","avatar":"\/lumin-solar-edge\/64428fba490d7637487332b0_D090D0B2D0B0.jpg","name":"Johny Addams","text":"Lumin Edge is awesome product! Very user friendly app that\u2019s easy to use anywhere."}]},{"list":[{"content_group":"feedbacks_video","image":"\/lumin-solar-edge\/644288759098ca04658bcf7a_D092D0B8D0B4D0B5D0BE.jpg","link":"#","name":"Frank Jordan","video_rewiev":"Video-rewiev"},{"content_group":"feedbacks_text","avatar":"\/lumin-solar-edge\/64428fba490d7637487332b0_D090D0B2D0B0.jpg","name":"Johny Addams","text":"Lumin Edge is awesome product! Very user friendly app that\u2019s easy to use anywhere."}]},{"list":[{"content_group":"feedbacks_video","image":"\/lumin-solar-edge\/644288759098ca04658bcf7a_D092D0B8D0B4D0B5D0BE.jpg","link":"#","name":"Frank Jordan","video_rewiev":"Video-rewiev"},{"content_group":"feedbacks_text","avatar":"\/lumin-solar-edge\/64428fba490d7637487332b0_D090D0B2D0B0.jpg","name":"Johny Addams","text":"Lumin Edge is awesome product! Very user friendly app that\u2019s easy to use anywhere."}]},{"list":[{"content_group":"feedbacks_video","image":"\/lumin-solar-edge\/644288759098ca04658bcf7a_D092D0B8D0B4D0B5D0BE.jpg","link":"#","name":"Frank Jordan","video_rewiev":"Video-rewiev"},{"content_group":"feedbacks_text","avatar":"\/lumin-solar-edge\/64428fba490d7637487332b0_D090D0B2D0B0.jpg","name":"Johny Addams","text":"Lumin Edge is awesome product! Very user friendly app that\u2019s easy to use anywhere."}]}]},{"content_group":"learn_mores","learn_more_title":"Learn more about Lumin Edgeor contact sales","learn_more_slider":[{"image":"\/lumin-solar-edge\/644b937dd4627d680ade4824_1.png"}],"learn_more_characteristics":[{"characteristics_name":"Connection Options:","characteristics_text":"Surface-Mount; Outdoor"}],"learn_more_recomend":[{"icon":"\/lumin-solar-edge\/644ba37db44a8c8abbfc5bd2_icon-b20(4).svg","text":"Warranty 1 year"}],"learn_more_link_btn":"#"},{"content_group":"questions","question_title":"Questions? <br>We\u2019ve got answers","question_subtitle|raw":"Here you can find answers to the most common questions about Lumin and our products. Where did the company name come from? What professional certificates does the system have, and much more.","question_link_btn":"#","question_lists":[{"title_list":"What is the Lumin Edge?","text_list|raw":"Lumin Edge is initially targeted for demand response applications, but will also be available for solar + storage additional audiences later this year."}]},{"content_group":"have_questions","have_questions_title":"Have questions?","have_questions_subtitle":"We have answers. Our specialists are ready to\u00a0talk.","have_questions_text_btn":"Let\u2019s talk"},{"content_group":"modal_looking","modal_looking_title":"Looking \u2028for\u00a0an\u00a0installer","modal_looking_subtitle":"Learn more about our industry and our products\u00a0with articles from news outlets, thought\u00a0leadership from our experts, and other\u00a0resources by Lumin"},{"content_group":"electrification_quiz","electrification_quiz_title":"Learn more about Lumin Edgeor contact sales","electrification_quiz_rep":[{"quiz":[{"content_group":"quiz_step_1","step_text":"Step 1","desc":"Choose company of your EV Charger","list":{"0":{"image":"\/lumin-solar-edge\/644b78f1c2c6b143b1b71a50_logos20Color.png"},"8":{"image":"\/lumin-solar-edge\/644b78f1c2c6b143b1b71a50_logos20Color.png"}}},{"content_group":"quiz_step_2","step_text":"Step 1","desc":"Choose company of your EV Charger","autel":[{"image":"\/lumin-solar-edge\/650aec728dccb835a202f48e_Model20(1).png","name":"Wallbox Pulsar Max Electric Vehicle Charger"}],"aiproad":[{"image":"\/lumin-solar-edge\/64f82c06aa4a07bb1ae3e283_Model.png","name":"Wallbox Pulsar Max Electric Vehicle Charger"}],"chargepoint":[{"image":"\/lumin-solar-edge\/64f82c06aa4a07bb1ae3e283_Model.png","name":"Wallbox Pulsar Max Electric Vehicle Charger"}],"emporia":[{"image":"\/lumin-solar-edge\/64f82c06aa4a07bb1ae3e283_Model.png","name":"Wallbox Pulsar Max Electric Vehicle Charger"}],"grizzlie":[{"image":"\/lumin-solar-edge\/64f82c06aa4a07bb1ae3e283_Model.png","name":"Wallbox Pulsar Max Electric Vehicle Charger"}],"juicebox":[{"image":"\/lumin-solar-edge\/64f82c06aa4a07bb1ae3e283_Model.png","name":"Wallbox Pulsar Max Electric Vehicle Charger"}],"lectron":[{"image":"\/lumin-solar-edge\/64f82c06aa4a07bb1ae3e283_Model.png","name":"Wallbox Pulsar Max Electric Vehicle Charger"}],"stokevoltaics":[{"image":"\/lumin-solar-edge\/64f82c06aa4a07bb1ae3e283_Model.png","name":"Wallbox Pulsar Max Electric Vehicle Charger"}],"wallbox":[{"image":"\/lumin-solar-edge\/64f82c06aa4a07bb1ae3e283_Model.png","name":"Wallbox Pulsar Max Electric Vehicle Charger"}]},{"content_group":"quiz_step_3","title":"Congratulations!","subtitle":"Lumin Edge supports your EV Charger","desc":"Buy Lumin EV Charger package","btn":"Buy now","btn_link":"#","image":"\/lumin-solar-edge\/643026e5a2fc9fc3260bd34c_lumin-first.png"}]}]},{"content_group":"lsp_installer","lsp_installer_image":"\/lumin-solar-edge\/64417a414fb51529614ea92f_installler.jpg","lsp_installer_title":"Looking for an installer?","lsp_installer_text":"Want to see another state?","lsp_installer_text_btn":"Request a call"},{"content_group":"icons_info","icon_rep":[{"icon":"\/lumin-solar-edge\/6539071dcd3d30a6121bdf61_Frame.svg","text_info":"This is some text inside of a div block.This is some text inside of a div block.This is some text inside of a div block.","text|raw":"Indoor & \u2028<br>Outdoor rated"}]}],"product_list":[{"footer_text_link":"Lumin Edge","footer_link|link":"#"}],"company_list":[{"footer_text_link":"Lumin Edge","footer_link|link":"#"}]}]