[{"id":1,"title":"Lumin installers","slug":"lumin-installers","is_enabled":1,"content_group":null,"main_menu":[{"list":[{"content_group":"menu_link","menu_link_name":"Grid Services","menu_link_link|link":"#"},{"content_group":"menu_dropdown","menu_dropdown_title":"Products","list":[{"menu_dropdown_name":"Link 1","menu_dropdown_link|link":"#"},{"menu_dropdown_name":"Link 1","menu_dropdown_link_|_link":"#"},{"menu_dropdown_name":"Link 1","menu_dropdown_link_|_link":"#"},{"menu_dropdown_name":"Link 1","menu_dropdown_link_|_link":"#"}]}]}],"blocks":[{"content_group":"installers_home","installers_home_image":"\/lumin-installers\/64426dd2153b42123ce8484b_story-image.jpg","installers_home_title":"Smart Circuits, Smart Energy, Smart Business","installers_home_subtitle|raw":"Lumin enables a smarter whole house backup system that aligned with customer expectations, leading to easier sales and happier customers.","installers_home_text_btn":"Become Certified Installer","installers_home_link_btn":"#"},{"content_group":"installers_map","installers_map_title":"We work with Distributors in\u00a050\u00a0states"},{"content_group":"installers_why_lumin","installers_why_lumin_title":"Why Lumin","installers_why_lumin_rep":[{"image":"\/lumin-installers\/64427395fe2a827d93a7e69e_icon_why_lumin20(3).svg","title":"Simplify the installation","text":"No more critical loads panels"}],"installers_home_image_fon_cert":"\/lumin-installers\/64427750153b42b02ae8db04_bg-cert.jpg","installers_why_lumin_title_cert":"Certified installer<br>program.","installers_why_lumin_subtitle_cert":"As one of our Lumin Certified Installers put it, \u201cLumin makes batteries operate the way homeowners think they should.\u201d As an easy-to-install addition to ordinary electric panels, Lumin delivers big benefits for homeowners and installers \u2013 faster and easier ESS installations, happier customers, and fewer support calls when the power goes out.","installers_why_lumin_text_btn":"Apply Now","btn_link":"#","installers_home_image_cert":"\/lumin-installers\/6442783289bf51123cf06334_cert_lum.png"},{"content_group":"project","project_title":"Project profiles","slider":[{"image":"\/lumin-installers\/6441f02a366fc95c50320d36_D0A4D0BED182D0BE.jpg","title_list":"Bolstering Resilience in Rural Virginia","list":[{"icon":"\/lumin-installers\/64425b16874427784b81fb03_card20(3).svg","text_list":"Silfab SLA-M 310 solar panels"}],"geo":"Homeowner, Stephen <br>K.San-Francisco, CA"}]},{"content_group":"installers_meet","installers_meet_title":"Meet us at these events","installers_meet_rep":[{"lists":[{"image":"\/lumin-installers\/64427ecc7f5a673f2ce541c7_grid20(2).jpg"}]}]},{"content_group":"feedbacks","feedbacks_title":"Installer Feedbacks","feedbacks_subtitle":"Lumin provides the most versatile platform to generate value from energy assets at the grid edge.","feedbacks_rep":[{"list":[{"content_group":"feedbacks_video","image":"\/lumin-installers\/644288759098ca04658bcf7a_D092D0B8D0B4D0B5D0BE.jpg","link":"#","name":"Frank Jordan","video_rewiev":"Video-rewiev"},{"content_group":"feedbacks_text","avatar":"\/lumin-installers\/64428fba490d7637487332b0_D090D0B2D0B0.jpg","name":"Johny Addams","text":"Lumin Edge is awesome product! Very user friendly app that\u2019s easy to use anywhere."},{"content_group":"feedbacks_text_link","avatar":"\/lumin-installers\/64428fba490d7637487332b0_D090D0B2D0B0.jpg","name":"Johny Addams","text":"Lumin Edge is awesome product! Very user friendly app that\u2019s easy to use anywhere.","link":"#"}]},{"list":[{"content_group":"feedbacks_video","image":"\/lumin-installers\/644288759098ca04658bcf7a_D092D0B8D0B4D0B5D0BE.jpg","link":"#","name":"Frank Jordan","video_rewiev":"Video-rewiev"},{"content_group":"feedbacks_text","avatar":"\/lumin-installers\/64428fba490d7637487332b0_D090D0B2D0B0.jpg","name":"Johny Addams","text":"Lumin Edge is awesome product! Very user friendly app that\u2019s easy to use anywhere."}]},{"list":[{"content_group":"feedbacks_video","image":"\/lumin-installers\/644288759098ca04658bcf7a_D092D0B8D0B4D0B5D0BE.jpg","link":"#","name":"Frank Jordan","video_rewiev":"Video-rewiev"},{"content_group":"feedbacks_text","avatar":"\/lumin-installers\/64428fba490d7637487332b0_D090D0B2D0B0.jpg","name":"Johny Addams","text":"Lumin Edge is awesome product! Very user friendly app that\u2019s easy to use anywhere."}]},{"list":[{"content_group":"feedbacks_video","image":"\/lumin-installers\/644288759098ca04658bcf7a_D092D0B8D0B4D0B5D0BE.jpg","link":"#","name":"Frank Jordan","video_rewiev":"Video-rewiev"},{"content_group":"feedbacks_text","avatar":"\/lumin-installers\/64428fba490d7637487332b0_D090D0B2D0B0.jpg","name":"Johny Addams","text":"Lumin Edge is awesome product! Very user friendly app that\u2019s easy to use anywhere."}]},{"list":[{"content_group":"feedbacks_video","image":"\/lumin-installers\/644288759098ca04658bcf7a_D092D0B8D0B4D0B5D0BE.jpg","link":"#","name":"Frank Jordan","video_rewiev":"Video-rewiev"},{"content_group":"feedbacks_text","avatar":"\/lumin-installers\/64428fba490d7637487332b0_D090D0B2D0B0.jpg","name":"Johny Addams","text":"Lumin Edge is awesome product! Very user friendly app that\u2019s easy to use anywhere."}]},{"list":[{"content_group":"feedbacks_video","image":"\/lumin-installers\/644288759098ca04658bcf7a_D092D0B8D0B4D0B5D0BE.jpg","link":"#","name":"Frank Jordan","video_rewiev":"Video-rewiev"},{"content_group":"feedbacks_text","avatar":"\/lumin-installers\/64428fba490d7637487332b0_D090D0B2D0B0.jpg","name":"Johny Addams","text":"Lumin Edge is awesome product! Very user friendly app that\u2019s easy to use anywhere."}]}]},{"content_group":"questions","question_title":"Questions? <br>We\u2019ve got answers","question_subtitle|raw":"Here you can find answers to the most common questions about Lumin and our products. Where did the company name come from? What professional certificates does the system have, and much more.","question_link_btn":"#","question_lists":[{"title_list":"What is the Lumin Edge?","text_list|raw":"Lumin Edge is initially targeted for demand response applications, but will also be available for solar + storage additional audiences later this year."}]},{"content_group":"have_questions","have_questions_title":"Have questions?","have_questions_subtitle":"We have answers. Our specialists are ready to\u00a0talk.","have_questions_text_btn":"Let\u2019s talk"},{"content_group":"solar_edge_map","solar_edge_map_title":"Installations map","solar_edge_map_subtitle":"We have in all 50 states.","solar_edge_map_die":"State Rebates","solar_edge_map_text|raw":"State Rebates","solar_edge_map_image_map":"\/lumin-installers\/6441596d093d4633f0699d22_map.svg","solar_edge_map_image_state":"\/lumin-installers\/644173831f1ce85152b118f5_Markers.svg","solar_edge_map_image_marker":"\/lumin-installers\/64417384786aaa55af9dc3bc_city.svg","solar_edge_map_text_btn":"Let\u2019s talk","solar_edge_map_link_btn":"#"},{"content_group":"document_img","document_img_title|raw":"Home as a grid","document_img_subtitle|raw":"Click the button down below to download the document with all stuff you need to know about lumin smartClick the button down below to download the document with all stuff you need to know about lumin smartClick the button down below to download the document with all stuff you need to know about lumin smartClick the button down below to download the document with all stuff you need to know about lumin smartClick the button down below to download the document with all stuff you need to know about lumin smartClick the button down below to download the document with all stuff you need to know about lumin smartClick the button down below to download the document with all stuff you need to know about lumin smartClick the button down below to download the document with all stuff you need to know about lumin smart","document_img_text_btn":"Download","document_img_image":"\/lumin-installers\/64f5460e71f821346839eb87_106.png","document_img_image_fon":"\/lumin-installers\/64f549516661d82615736d72_fon-yellow.png"},{"content_group":"copy_bullet_1","document_img_title|raw":"Home as a grid","document_img_subtitle|raw":"Click the button down below to download the document with all stuff you need to know about lumin smart","document_img_image":"\/lumin-installers\/64f5460e71f821346839eb87_106.png"},{"content_group":"document","document_title|raw":"Home as a grid","document_subtitle|raw":"Click the button down below to download the document with all stuff you need to know about lumin smart","document_text_btn":"Download","document_img_fon":"\/lumin-installers\/64f4a6c3055ab00edf257137_solar-bg-white-paper201.png"},{"content_group":"copy_bullet_2","document_title|raw":"Home as a grid","document_subtitle|raw":"Click the button down below to download the document with all stuff you need to know about lumin smart","document_img_fon":"\/lumin-installers\/64f4a6c3055ab00edf257137_solar-bg-white-paper201.png"},{"how_it_works_modal":[{"text_list":"Learn more about our industry and our products\u00a0with articles from news outlets, thought\u00a0leadership from our experts, and other\u00a0resources by Lumin"}]},{"content_group":"modal_utilities","modal_utilities_title":"Utilities partnership"},{"content_group":"modal_looking","modal_looking_title":"Looking \u2028for\u00a0an\u00a0installer","modal_looking_subtitle":"Learn more about our industry and our products\u00a0with articles from news outlets, thought\u00a0leadership from our experts, and other\u00a0resources by Lumin"}],"link_app_ios":"#","image_app_ios":"\/lumin-installers\/642e8410091a22979eebeb67_app20store.png","link_app_google":"#","image_app_google":"\/lumin-installers\/642e8410ff16c80d7197b7e0_google-play.png","link_in":"#","link_facebook":"#","link_youtube":"#","link_instagram":"#","link_twitter":"#","product_list":[{"footer_text_link":"Lumin Edge","footer_link|link":"#"}],"company_list":[{"footer_text_link":"Lumin Edge","footer_link|link":"#"}],"adress":"501 Locust Ave, Floor 1, Suite 2 Charlottesville, Virginia 22902","mail_text":"hello@luminsmart.com","mail":"mailto:hello@luminsmart.com","technical_support":"888.421.0616","technical_support_link":"#","sales_and_business":"800.793.8013","sales_and_business_link":"#","copyright":"\u00a9 2023 Lumin. All Rights Reserved","terms_of_use_text":"Terms of Use","terms_of_use_link":"#","privacy_policy":"Privacy Policy","privacy_policy_link":"#"}]