[{"id":1,"title":"Lumin Vacancy","slug":"lumin-vacancy","is_enabled":1,"content_group":null,"link_app_ios":"#","image_app_ios":"\/lumin-vacancy\/642e8410091a22979eebeb67_app20store.png","link_app_google":"#","image_app_google":"\/lumin-vacancy\/642e8410ff16c80d7197b7e0_google-play.png","link_in":"#","link_facebook":"#","link_youtube":"#","link_instagram":"#","link_twitter":"#","product_list":[{"footer_text_link":"Lumin Edge","footer_link|link":"#"}],"company_list":[{"footer_text_link":"Lumin Edge","footer_link|link":"#"}],"adress":"501 Locust Ave, Floor 1, Suite 2 Charlottesville, Virginia 22902","mail_text":"hello@luminsmart.com","mail":"mailto:hello@luminsmart.com","technical_support":"888.421.0616","technical_support_link":"#","sales_and_business":"800.793.8013","sales_and_business_link":"#","copyright":"\u00a9 2023 Lumin. All Rights Reserved","terms_of_use_text":"Terms of Use","terms_of_use_link":"#","privacy_policy":"Privacy Policy","privacy_policy_link":"#"}]