[{"id":1,"title":"Lumin-press-room","slug":"lumin-press-room","is_enabled":1,"content_group":null,"main_menu":[{"list":[{"content_group":"menu_link","menu_link_name":"Grid Services","menu_link_link|link":"#"},{"content_group":"menu_dropdown","menu_dropdown_title":"Products","list":[{"menu_dropdown_name":"Link 1","menu_dropdown_link|link":"#"},{"menu_dropdown_name":"Link 1","menu_dropdown_link_|_link":"#"},{"menu_dropdown_name":"Link 1","menu_dropdown_link_|_link":"#"},{"menu_dropdown_name":"Link 1","menu_dropdown_link_|_link":"#"}]}]}],"blocks":[{"content_group":"press_room_posts","press_room_posts_title":"Press Room","press_room_posts_subtitle":"We love when our skills and capacities are recognized by top international ratings. The\u00a0most important validation, however, is the one we receive from our clients."},{"content_group":"press_room_top_product","press_room_top":[{"image":"\/lumin-press-room\/64674e305a25df70a3b1af9a_lumin20award204.png","title|raw":"Top Solar Product <span class=\"b-text__span v-2\">of 2020.<\/span>","text":"Only smart-circuit products like Lumin allow for easy load management to actually provide backup power to every corner of a home,\u201d says Kelly Pickerel, Solar Power World Editor in Chief. \u201cWe chose Lumin as a Top Solar Product of 2020 because it is currently transforming the energy storage and backup power experience for homeowners, allowing batteries to perform as advertised."}]},{"content_group":"press_room_media_kit","press_room_media_kit_title":"Media Kit.","press_room_media_kit_subtitle":"We love when our skills and capacities are recognized by top international ratings. The\u00a0most important validation, however, is the one we receive from our clients.","press_room_media_kit_rep":[{"icon":"\/lumin-press-room\/64707438937a5e96dec967f7_icon20(1).svg","title_list":"Lumin brand kit","text_list":"Here you\u2019ll find brand-related icons and images. Please don't modify or misuse our logo. If you are unsure how to include our branded images into your content, contact us.","text_link_list":"Download","link_list":"#"}],"press_room_media_kit_image":"\/lumin-press-room\/6470bfc1c7c9517bbfea501c_Logo20House.svg"},{"content_group":"press_room_pr","press_room_pr_title":"Contact our PR and Communications","press_room_pr_subtitle":"Let us know and we\u2019ll get back to you as soon as we can.","press_room_pr_text_btn":"Contact Us"}]}]