[{"id":1,"title":"lumin-our-blog","slug":"lumin-our-blog","is_enabled":1,"content_group":null,"main_menu":[{"list":[{"content_group":"menu_link","menu_link_name":"Grid Services","menu_link_link|link":"#"},{"content_group":"menu_dropdown","menu_dropdown_title":"Products","list":[{"menu_dropdown_name":"Link 1","menu_dropdown_link|link":"#"},{"menu_dropdown_name":"Link 1","menu_dropdown_link_|_link":"#"},{"menu_dropdown_name":"Link 1","menu_dropdown_link_|_link":"#"},{"menu_dropdown_name":"Link 1","menu_dropdown_link_|_link":"#"}]}]}],"blocks":[{"content_group":"our_blog_posts","our_blog_posts_title":"Our Blog.","our_blog_posts_subtitle":"The best articles written by industry experts about the future of the energy, technology, our products, data insights, and interviews.","banner|media":"\/lumin-our-blog\/646747b048b1689a2bd99f1a_image2054-1.jpg","published_at_date|date_j_m_y":"May 18, 2021","title":"Floating Neutrals"},{"content_group":"updates","updates_title|raw":"Get Lumin <span class=\"b-title__span b-title__span_gray\">updates<\/span>","updates_subtitle|raw":"Learn more about our industry and our products with articles from news outlets, thought leadership from our experts, and other resources by Lumin"}]}]