[{"id":1,"title":"lumin Careers","slug":"lumin-careers","is_enabled":1,"content_group":null,"main_menu":[{"list":[{"content_group":"menu_link","menu_link_name":"Grid Services","menu_link_link|link":"#"},{"content_group":"menu_dropdown","menu_dropdown_title":"Products","list":[{"menu_dropdown_name":"Link 1","menu_dropdown_link|link":"#"},{"menu_dropdown_name":"Link 1","menu_dropdown_link_|_link":"#"},{"menu_dropdown_name":"Link 1","menu_dropdown_link_|_link":"#"},{"menu_dropdown_name":"Link 1","menu_dropdown_link_|_link":"#"}]}]}],"blocks":[{"content_group":"careers_main","careers_main_title":"We\u2019re hiring!","careers_main_subtitle":"Our team is passionate about what we do, and we are excited to develop a team of mission-aligned individuals! If you like working with a purpose to make our society more energy-efficient, and enjoy being part of a small, but growing team, we want to hear from you.","careers_main_image":"\/lumin-careers\/6467243985409ac9dab5d852_Statue202.png"},{"content_group":"careers_diversity","careers_diversity_title":"Our Diversity Statement","careers_diversity_subtitle":"United by our passion, empowered by our differences; Lumin is building a platform to accelerate the world\u2019s adoption of clean energy. We strive to provide a safe environment, where all differences are welcomed, accepted, and celebrated. We continuously work to involve not just the communities we serve today, but all communities as we move forward, because the future of renewable energy must be inclusive of everyone.","careers_diversity_lists":[{"icon":"\/lumin-careers\/6470b78bd5227bcec7a42a8f_Careers-icon20(4).svg","title":"Remote \/ Flexible Work","text":"Our results-focused environment allows flexible\/remote work around a 9-5 EST schedule."}]},{"content_group":"updates","updates_title|raw":"Get Lumin <span class=\"b-title__span b-title__span_gray\">updates<\/span>","updates_subtitle|raw":"Learn more about our industry and our products with articles from news outlets, thought leadership from our experts, and other resources by Lumin"}],"product_list":[{"footer_text_link":"Lumin Edge","footer_link|link":"#"}],"company_list":[{"footer_text_link":"Lumin Edge","footer_link|link":"#"}]}]