[{"id":1,"title":"Meet lumin","slug":"lumin-meet","is_enabled":1,"content_group":null,"main_menu":[{"list":[{"content_group":"menu_link","menu_link_name":"Grid Services","menu_link_link|link":"#"},{"content_group":"menu_dropdown","menu_dropdown_title":"Products","list":[{"menu_dropdown_name":"Link 1","menu_dropdown_link|link":"#"},{"menu_dropdown_name":"Link 1","menu_dropdown_link_|_link":"#"},{"menu_dropdown_name":"Link 1","menu_dropdown_link_|_link":"#"},{"menu_dropdown_name":"Link 1","menu_dropdown_link_|_link":"#"}]}]}],"blocks":{"0":{"content_group":"meet_main","meet_main_title":"Team members <br>reviews","meet_main_subtitle":"Lumin provides the most versatile platform to generate value from energy assets at the grid edge.","meet_main_rep":[{"team_name":"Stephen Linkous<br>","job_title":"Regional Sales Manager","text_reviews":"I love Lumin because you can really see the fruits of your labor as the company grows, and everyone at the company has each other's backs.","foto":"\/lumin-meet\/6467357d9c600997405890e9_Man.png"}]},"1":{"content_group":"meet_meet","meet_meet_image":"\/lumin-meet\/64673b10f22d451baaf87cd9_lumin-meet.jpg","meet_meet_title":"Meet Lumin.","meet_meet_text|raw":"Lumin\u00ae is the pioneer and market leader for responsive load control. The Lumin\u00ae platform is an addition to a standard electrical panel and makes ordinary circuits smart and responsive. Lumin\u00ae helps homeowners automatically or manually control their home\u2019s microgrid to enhance and protect their investment in energy storage, participate in Demand Response Programs, or manage their energy in real-time to avoid costly service upgrades when adding Electric Vehicle chargers or switching to electric appliances. The Lumin\u00ae solution is valued by homeowners, solar + storage installers, utilities, electrical contractors and home builders.","meet_meet_text_ceo":"A realization that the ubiquitous electrical circuit breaker panel hadn\u2019t changed in 40 years sparked the idea for Lumin.","meet_meet_image_ceo":"\/lumin-meet\/64673e4f85409ac9dad22dd8_image2049.png","meet_meet_name_ceo":"Alex Bazhinov","meet_meet_job_ceo":"Founder & CEO"},"3":{"content_group":"meet_galery","meet_galery_title":"But all the hard work is done by these amazing people","meet_galery_image":"\/lumin-meet\/64671ff2636599eca4b08ebd_hero-image-1201.jpg","meet_galery_rep":[{"image":"\/lumin-meet\/64671ff2636599eca4b08ebd_hero-image-1201.jpg"}]},"4":{"content_group":"meet_help","meet_help_image":"\/lumin-meet\/6467243985409ac9dab5d852_Statue202.png","meet_help_title":"Help us make an impact.","meet_help_text":"Find out how you can add your talent and skills to our team and\u00a0help us push forward our mission!","meet_help_text_btn":"See open positions"},"5":{"content_group":"updates","updates_title|raw":"Get Lumin <span class=\"b-title__span b-title__span_gray\">updates<\/span>","updates_subtitle|raw":"Learn more about our industry and our products with articles from news outlets, thought leadership from our experts, and other resources by Lumin"}},"product_list":[{"footer_text_link":"Lumin Edge","footer_link|link":"#"}],"company_list":[{"footer_text_link":"Lumin Edge","footer_link|link":"#"}]}]